{"cameraMode":{"drawMode":0,"name":"Shaded","section":"Shading Mode"},"sceneLighting":true,"audioPlay":false,"sceneViewState":{"showFog":true,"showMaterialUpdate":false,"showSkybox":true,"showFlares":true,"showImageEffects":true,"showParticleSystems":true},"in2DMode":false,"pivot":{"x":41.676544189453128,"y":43.998748779296878,"z":-55.91398620605469},"rotation":{"x":-0.07224671542644501,"y":0.0020911958999931814,"z":-0.00015096197603270411,"w":-0.9973891377449036},"size":41.13552474975586,"orthographic":false}